username,id
jerog1,1
Junekri,2
baka-mitaii,3
SummerWatch1,4
KronicalA,5
chaser456,6
Confident-Growth1964,7
pipilejacutinga,8
Happy-Beetlebug,9
WillingShilling_20,10
WijZijn18,11
Calm_Warthog_2641,12
Spamityville_Horror,13
Dragofant,14
madatyou123,15
AlanSmithee001,16
Princechopra486,17
suscatzoo,18
AntDraws13,19
xAtomicxReaperx,20
perrny,21
beefyheart,22
danielsdaydreams01,23
thefrozenflame21,24
jimmyjlf,25
AdMotor1654,26
Reasonable-Toe-4093,27
artemis_808,28
gay_bagel_enthusiast,29
mtragedy,30
Wolf440,31
Boring-Implement8283,32
sippingonwater,33
Conscious-Housing-45,34
Tyler6147,35
ASCii_music,36
j616s,37
AutumnWick,38
vazangool,39
serpens_aurorae,40
Primedirector3,41
RunalldayHI,42
Intelligent-Jump1071,43
NostalgiaDreamsMusic,44
froot_loop_dingus_,45
Seebeeeseh,46
MouseEducational6081,47
ilikepacificdaydream,48
muzzydon2,49
hymiesompsin,50
Abject-Switch5666,51
Ok_Part6906,52
Big-Drawing-5771,53
Leothearchitect,54
DKode02,55
technomor,56
No_Swan_9470,57
sashundera,58
ApartmentLow6438me,59
yesitsmeaaronK,60
mapleer,61
galactic-boss-cyrus,62
simba54,63
Creative-Claire,64
OutdoorFun83,65
umotex12,66
Psychofeverything,67
SomeGuyNamedJason,68
Humble-Plankton2217,69
topgun966,70
drawricks,71
xxRemorseless,72
Social_Stigma,73
bgowenart,74
SnooCakes5524,75
FancyNewMe,76
-TazarYoot-,77
Snooze_and_Snores,78
Soon_Money_54,79
Kind_Gate_4577,80
Not_aSoup,81
rafael-a,82
Neoncloudff,83
WindAway1540,84
garyF1,85
currentscurrents,86
Ianpu,87
throwaway1249725,88
TheHighRunner,89
Debakle,90
Blaze-df,91
OneRep_privacy,92
mastermrt,93
Soft-Court390,94
No_Check8951,95
Dgriffin311,96
Anthonyhasgame,97
JuwanCoward,98
Ok_Faithlessness_259,99
angrybats,100
theillarionov,101
Odd-CuringBusy,102
ThatMfwithdabred,103
Effective_Pin_90,104
devonshirerose,105
Alexdykes828,106
rafaelcamargo,107
AdEmpty8324,108
Altruistic_Narwhal38,109
jmloude,110
swat-reno,111
schoolboycb58,112
Careless-Ad-340,113
UnderstandingNo2289,114
Shoelicker2000,115
SolidusNY,116
an_angry_fish,117
agramata,118
WolfOliver,119
serand62,120
krakenpistole,121
mysterioso7,122
Zodht,123
andymccabe42,124
FischerPricex,125
Federal_Sandwich124,126
VapeLyfe,127
MagnificentPretzel,128
kimmofeldbaek,129
PretXD,130
One_Tree_3851,131
RJtrip,132
Hot_Vast_9608,133
Mitsuba1562,134
Username928351,135
Paper_Rain,136
MusicMirrorMan,137
Velentziadis,138
dhduxudb,139
cwcoleman,140
silver_display,141
Relevant-Marsupial59,142
wristgameluckycharmy,143
Big_Health9776,144
GuyWitATurtleneck,145
NoticeInformal3973,146
sickerthan_yaaverage,147
roadkilled_skunk,148
sox809,149
VenusTheHelper,150
Unable-Tune5219,151
Mammoth-Primary6093,152
SomeTechNoob,153
VaultBaby,154
Sammyc271,155
c1nelux,156
Anomaly_Yulie,157
Tiny_Ad_1556,158
LiveLaughToasterB4th,159
SpecificTop3167,160
DanB65,161
FrizzBizz,162
tummyachemedicine,163
Halara77,164
TyrifficAdventure,165
NvyAI,166
panwithtan,167
Kweeston,168
Ugghernaut,169
t44s,170
thecravenone,171
murderedirt,172
PNWoutdoors,173
AlexisHospital1,174
WillyG2197,175
Atalkingpizzabox,176
Big-Commercial-9822,177
NevtelenPali,178
Randomtv123,179
lawless-discburn,180
mrgoose1234,181
Juan_Luc_Dickhard,182
hwc000000,183
Ok-Negotiation9026,184
ldk_maia,185
princessbunnnny,186
Specialist-Copy-1410,187
witticus,188
danniellax,189
AlwaysTiredHaha,190
Bruins37FTW,191
FaceLyne,192
GameDestiny2,193
Syquinn,194
fushitaka2010,195
28Righthand,196
Dark_Electric255,197
SQUIRT_TRUTHER,198
Donut_sucre_au_sucre,199
OccasionllyAsleep,200
Imaginary_Cow1397,201
keepgoing50,202
jerfair337,203
UnknownFromTheAshes,204
itsneverlupus42,205
Naotogg2,206
joutfit,207
CacknBullz,208
youre-welcome5557777,209
Hikerhappy,210
j3ffr33d0m,211
FlatStanley90,212
Ok_Raspberry_7572,213
sharkmesharku,214
Me100IQ,215
MentallyFunstable,216
lozzers345,217
Ready-Influence3466,218
Muadib64,219
SoundForce,220
JustAStupidName7,221
eudaimonia_dc,222
ciggie_in_the_sand,223
malcontent70,224
Sethrulz,225
KaleidoscopeOther708,226
charavaka,227
AtomicVisionary,228
__dp_Y2k,229
ForsakenRacism,230
seatpleasing,231
Unfair_Key_6664,232
fatimalizade,233
FizzyBeverage,234
DizzyMink,235
RickyTheRaccoon,236
LLFG9,237
ForceGoat,238
Drogen24,239
CommodoreCoCo,240
JohnnyWhopper420,241
whynautalex,242
pprogramm2024,243
KJones77,244
Littlebickmickey,245
MathmoKiwi,246
WatsonLB1,247
Babar7,248
Serious-Nothing-4292,249
AbyssShriekEnjoyer,250
AcceptableAd8472,251
Infinity_Glitches,252
Character_Score_8665,253
C47L1K3,254
RamblinWreckGT,255
Tiger_Dog,256
Ok_Contest_9668,257
Alkynesofchemistry,258
NahIDJujutsuMykaisen,259
No_Suggestion_9962,260
EngineParticular4172,261
phd_bound,262
bosbi17,263
gccmelb,264
MotoTrojan,265
MoonMan757,266
AUT4RC,267
Decronym,268
CharSmar,269
ItzNO4H,270
Rand0mBrazilian,271
Fantastic-Marzipan-2,272
Jaded_Review_4187,273
Shanelikescars,274
klahnwi,275
ClawingDevil,276
Motor_Feed9945,277
Gameboy774,278
1-800-ASS-DICK,279
BCLetsRide69,280
PoorerBrightSun,281
vinaylovestotravel,282
galooo69,283
Commies_andNukes,284
sbmmtotallyworks,285
amlak1,286
No_Palpitation2331,287
NiceAhhHandSoap455,288
AstroRoadie,289
HappyFlappy3,290
gentleman_bronco,291
lushandcats,292
Optimal_Juggernaut_3,293
sshedoesntevengohere,294
RV-01,295
glockarina,296
JosephS6570,297
revosten,298
kkakaiazinhoBR,299
KAULIANPOWER,300
Spare_General_6060,301
torrnado97,302
Techster17,303
SimTheory426,304
donald_314,305
wahooo92,306
peppermintmeow,307
compdude420,308
SnooHabits2599,309
WormWizard,310
Fox_Den_Studio_LLC,311
KerbMario,312
ocassionallycorrect,313
DynamicStatic,314
tpeezyttv,315
PerceptionFew2980,316
keimdhall,317
Wasabi_The_Owl,318
Thy_imbecile,319
Keshu__,320
cscil,321
WakasaYuuri,322
Josgre987,323
Iorith,324
MeanContribution9816,325
alexkon3,326
Pleasant_Pressure215,327
Dunno_Bout_Dat,328
Justbasicart,329
TreesOfWoah,330
KAO7781,331
changingshades,332
OGSequent,333
jamieclo,334
CharmingCarob7854,335
UVB-76_Enjoyer,336
campcam,337
sandyloam333,338
PromptisArkos,339
Jeroen43,340
cvasco94,341
froody-towel,342
bluefrostyAP,343
MLBOfficial,344
omo-kid,345
Avoumen,346
Artrum,347
Slightlydifficult,348
beercheesesoup212,349
trjumpet,350
Sir-Cowdog,351
quietcoyoti,352
GoogleAdsExpert2,353
RevolutionLazy6131,354
DeanoDeVino,355
Artistic_Lychee_8948,356
golfstreamer,357
obnoxiouscarbuncle,358
thanhhai26112003,359
Distinct-Curve-660,360
Haywirechrono011,361
Puddskye,362
AmblingHobbies,363
JustAnotherDouche2,364
yogabba13,365
LimJaheyLivesOn,366
mcapello,367
TonyThaLegend,368
playsirfootball,369
Aintandsmall,370
OkTomorrow5447,371
Professional_Tap5910,372
Forsaken-Alps-3026,373
piratbanditen,374
Silevvar,375
WobblySnausagez,376
pizzaman_5004,377
NJ_Yankees_Fan,378
asstronaughty420,379
Jezza40,380
PappaJew,381
Alex01100010,382
sterling925,383
Omen_Chris,384
mementomoriok,385
Numerous-Movie-4654,386
Bhu124,387
HowToHack-ModTeam,388
space_boi_sucks,389
GerTaylor,390
MakeSoupNotWar,391
Affectionate_Ride369,392
BigJim5190,393
Nangbaby,394
Voorhees89,395
kekapsula,396
Tight_Flight7382,397
MichiMangoLassi,398
AutoModerator,399
AstronomerOrdinary81,400
Imafuckingidiot9911,401
Bovinae_Elbow,402
Slippy2k,403
franzzoned,404
RiSkeAkagAy,405
bistfrind,406
necrofungii,407
KENNET_,408
nikmodiparka,409
Xeoz_WarriorPrince,410
NickyC75P,411
mk2_cunarder,412
jameswatts81,413
InfectiousCUREID,414
Stonewalled89,415
Blackwater_7,416
Rychek_Four,417
JosiuCool901,418
one-for-all-ops,419
monkeyboyTA,420
vincentdc5,421
TieAlarmed8690,422
xAntimonyx,423
Maxcactus,424
Junktown-JerkyVendor,425
BostonConnor11,426
Hydramy,427
vdot43,428
amelia_cutii,429
shakegood513,430
CompromisedToolchain,431
mrsbochops,432
hellofuckingjulie,433
Coolst3r,434
Disastrous_Tip_4638,435
MarmaladeMarmaduke,436
Top_Battle8982,437
lusagna,438
lunaroelikestocum,439
MonainaMug,440
heavymountain,441
saint-lascivious,442
thaw424242,443
MooYork,444
Akila_the_demon,445
ShoulderGoesPop,446
Realistic-Bid3836,447
SignificantDrawer374,448
Maximum_Potato_Comix,449
OtherwiseAd6196,450
AdolfGerman,451
Usernamen0t_found,452
rick_____astley,453
Gr_ywind,454
HollowMarthon,455
Bird-The-Word,456
MisScillaneous,457
FatRollingPotato,458
Gay-antisocial,459
pogosea,460
Silly_Associate_4360,461
IronOhki,462
NineteenEighty9,463
evln00,464
Lazy_Glazy,465
PuffinGamer17,466
TheCurious0ne,467
Mushroom_fairy_,468
SillyJoey_,469
_TheBgrey,470
Funny_Mountain5160,471
Zendofrog,472
JazzEmpire,473
Shkkzikxkaj,474
Roy_the_Dude,475
Ok_Tea1423,476
Brownie_129,477
ResidentSafe4469,478
Rukdug7,479
Laponica98,480
SurealGod,481
AstrophysicistSuraj,482
Sweety_Buns,483
OliviaBlade,484
Dry_Sail_1153,485
DubioserKerl,486
James77544,487
ICrushTacos,488
loveisfourwalls,489
LoansPayDayOnline,490
Ok-Employment3858,491
jack_hudson2001,492
Johnisazombie,493
OfficeSalamander,494
SuedeBuffet,495
zacboggz,496
Left_Panic_4990,497
My_Chat_Account,498
jediwashington,499
Duck-of-Doom,500
Frondswithbenefits,501
HotIllustrator2957,502
Not-Sure112,503
MaxieQ,504
Legitimate-Cry3121,505
Dean-KS,506
3Megan3,507
Internal-Reality-789,508
AmamdaFoxx,509
Over-Tie6021,510
brxkenkylee,511
acornshop,512
Topyloo,513
Lil-Fonzy,514
doodlebob1828,515
ProfParker04,516
VacationMuch6446,517
FlyingKev,518
Jumpy_Glass_7147,519
AvantiGangMember,520
kosz_,521
eclecticnomad,522
TheSceler,523
slimshady321,524
Responsible-Ad394,525
InPugsWeTrust,526
PerspectiveSea3685,527
Aggressive-Opinion91,528
Eastern_Ad6709,529
Almay15,530
TjMorgz,531
morcerfel,532
ClydePeternuts,533
iamryancase,534
columbus8myhw,535
EdiblePeasant,536
Lemonsluce96,537
cyrus_coulter,538
exoticpropulsion,539
Gabenmon,540
snb22core,541
gutterwall1,542
Fstshtsky,543
caramelsbythesea,544
Dazzling_Rub3525,545
No-Relationship-9049,546
FiveMinuteBacon,547
lil1thatcould,548
Maleficent_Train_743,549
Osric250,550
Decent_Ad147,551
Motivated_Noob,552
SuprMunchkin,553
MissDeeMeanur,554
IntrovertedEntropy,555
demon_of_laplace,556
Grom_a_Llama,557
flightist,558
LazyAd6382,559
OkInterest8844,560
Past_Distribution144,561
THedman07,562
Excellent_Farm3135,563
russilwvong,564
I-Pick-Lucy,565
jmcdanielfilms,566
kelvinkhr,567
IOtwitchOI,568
Ok-Creme232,569
Feisty-Albatross3554,570
Ditch_Hunter,571
less_butter,572
BloodyMer,573
Asleep_Half4884,574
D0n3_Wast1n_Tim3,575
TheBroadcastStorm,576
GhostMug,577
DowntownEconomics666,578
Prestonrabbit,579
jorgenv,580
mini-hypersphere,581
Vampyre1282,582
RoundAcceptable9335,583
Level_Bridge7683,584
somethingtimestwo,585
fearlesslymistaken98,586
Dh873,587
eddie-psych-you,588
livingonmain,589
Ethenil_Myr,590
TheBimpo,591
Lost_Formal3270,592
Free-Doughnut-683,593
Rugidid,594
These_Equipment427,595
Child_immigration,596
CoffeeHelmets,597
22Perverts,598
AcceptableDot8707,599
yumm-cheseburger,600
worldofjaved,601
nthensome,602
Rith_Reddit,603
Intelligent-Truth348,604
Appropriate-Big1379,605
EqualPositive8766,606
LilRumpel,663
Professional_Most493,607
AreaExact7824,608
Comfortable-Car-565,609
imwhateverimis,610
regularMASON,611
jivener,612
gorilla998,613
doPECookie72,614
TrashBandiPubes,615
ThatRandomTexan,616
apitester23,617
Ploopy_Ploppy,618
oonomnono,619
FrontpennyYT,620
Lutrina,621
Moloch_17,622
Beginning_Art_5256,623
AJC_10_29,624
Exact-Maximum,625
markg900,626
Ganon645,627
dragon_bacon,628
heyitsjules,629
m0nk_3y_gw,630
wjackson42,631
Monkfrootx,632
GessielSP,633
TheMuseumOfScience,634
taarli2,635
cilronri6008,636
esmolforg,637
d3s4ntis,638
Satta23,639
Donnie_Lugnut,640
Asleep_Scene_1357,641
Candytails,642
Silence_DoGood1980,643
Ok_Canary8548,644
BleezyB42o,645
CookieEnabled,646
RodmanRoadman,647
gbdman,648
alaindelannoy,649
DoughnutNo620,650
Every_Cup1039,651
rgregan,652
hodlinsteady,653
Stormyj,654
ahmafooooohm,655
DrakeFai,656
angrytroll123,657
Astapasta22,658
Norade,659
miltonian3,660
3eggmcgee,661
potatowentoop,662
Aryan_Chundawat_143,664
Afraid-Turn7741,665
OliverTheCat24,666
Aeignr,667
General_Guidance1591,668
TheLetterJ0,669
TipOfTheirTongue,670
XT2020-02,671
imslowS55,672
Latter-Ad-1059,673
EvaInTheUSA,674
EmbarrassedForm8334,675
No_Department8152,676
Usual-Smell908,677
desrtfx,678
Kratos_BOY,679
Eric848448,680
acoolrocket,681
DavidBenAkiva,682
RKKP2015,683
Informal_Safe_535l,684
ThatsMrMuckToYou,685
Sariel007,686
nothing3141592653589,687
rdg_pel,688
philgillisisnotmydad,689
LittleBitHasto,690
growdirt,691
free_arzach7270,692
Signal-Animator-7464,693
awitcheskid,694
mshorts,695
Bogartsboss,696
AllShortTheRedditIPO,697
JSavageOne,698
The_Makster,699
Soggy_Theory1273,700
Otherwise-Two9036,701
SackBrazzo,702
Front-Pomelo-4367,703
Anthony_chromehounds,704
facedspectacle,705
hesperoyucca,706
Ben_Graf,707
chagjottish,708
BubblyChallenge5971,709
de-ModTeam,710
mawkish,711
magikarp2122,712
me_irl_irl_irl_irl,713
No-Championship-4,714
AffectionatePin4346,715
Kevinrealk,716
Additional-Specific4,717
Skremash,718
Pelmeni95,719
CurrentFar8022,720
G0atz0nab0at,721
Skennelley19,722
PrathaManic,723
Nonrandomusername19,724
Total_Willingness767,725
DishGroundbreaking87,726
BaabyBear,727
harggler,728
sertseed,729
Raine_Whisper,730
Sea2Chi,731
FloweyTheFlowah,732
RepostSleuthBot,733
Lexi_the_grimmchild,734
notoriousscrub,735
anny__arts,736
Full-Ferret-4567,737
Raticon,738
Really-sumanai,739
bulldogs42,740
Ruthless_Bunny,741
box1313,742
Shoo_not_shoe,743
dannyswrld,744
nanoSpawn,745
Devil_0fHellsKitchen,746
Nookiguak,747
BiotiteProphet,748
Snoo_72181,749
Psychic_spies,750
thoseradstars,751
Cool_Flatworm_9215,752
Anick3232,753
hoax1337,754
joggarskitsnabbt,755
DepartmentDue3930,756
Mnemosynema,757
Beyondbotched,758
itah,759
Guilty-Twist-5062,760
July_is_cool,761
Cypaytion179,762
Boredomis_real,763
DrY22K,764
mmeweb3412,765
Free-Bag2152,766
greeN_Days,767
Ill_Captain5303,768
Froxzen31,769
cocopink444,770
CandorBriefsQ,771
Luke-Approved,772
noCallOnlyText,773
abairn01,774
Equivalent-Echo8946,775
SWithG,776
SecondChance03,777
Over-Analyzed,778
WartimeHotTot,779
maathewcronin,780
IsDaedalus,781
AbbreviationsFar9339,782
GSG96,783
corona_goaway,784
Sad_Tension8021,785
Ok_College_6221,786
AAceAce,787
FellAlp,788
CodeTinkerer,789
nik412ba,790
genixtec,791
Andy-Martin,792
Mission_Economics621,793
NSFWThrowawayPanda,794
dan_bodine,795
StringProfessional73,796
CompetitiveSir9491,797
heb0,798
marceparra,799
tomspy77,800
anon8676309,801
Savings_Swim_1391,802
Time-Persimmon7723,803
bakercandi,804
Dentere,805
No-Chapter5080,806
CosmicLars,807
elegantSolomons62,808
CSM1881,809
Djscratchcard,810
EsreverFN,811
_nepunepu,812
AcademyScholarLogan,813
Previous_Guitar5027,814
Apprehensive_Panic38,815
FRESH_FRANK_OCEAN,816
balbiza-we-chikha,817
ydieb,818
postal-history,819
coltzero,820
3TitsOnAnAlienChick,821
killer_-Tofu,822
RaininMuffins,823
fearlessalphabet,824
MooshSkadoosh,825
MarvelPugs,826
Bilb0,827
QuaziBrodo,828
WearAffectionate1461,829
Han_Yerry,830
Nearby-Ad-5130,831
Ok_Difficulty_9627,832
Eyesalwaysopened,833
JimHarbaughTheChamp,834
Conscious-Drummer229,835
lewisnwkc,836
Difficult_Sweet398,837
NousernamePleaseHelp,838
DevourHim,839
MooseFlyer,840
alesisskull,841
SheeTheyMaut,842
waity94,843
Kgatterx,844
whenstarsgazeback,845
mrblu_ink,846
SandieSandwicheadman,847
xenchik,848
SamsungAppleOnePlus,849
Jontman,850
Enge712,851
reptilia14,852
Bulky-Top3782,853
Ill-Vermicelli-1684,854
Alive_Rich_614,855
Ok-Possibility-9733,856
InternetArtisan,857
DevoonTheDog,858
Chanmollychan,859
DaddyKoin,860
Available-Housing-39,861
froghag,862
RogueHippie,863
Traditional-Idea-39,864
Fit_Assistant5708,865
Valvador,866
sailink377,867
Nneliss,868
Putrid_Post_1081,869
Sydarmx,870
Plussmage,871
KarmaKingKong,872
donanton616,873
peridotfan1,874
SudSboy115,875
thatdudeuhated,876
Zorinthar,877
M2cPanda,878
BusterBlevins,879
TernaryJimbo,880
craig1818,881
Wise-_-Spirit,882
Kooky-Razzmatazz-951,883
BlackStumpFarm,884
UnitDowntown6923,885
MrPuroresu42,886
Fabswaggins,887
herewearefornow,888
ronshasta,889
Crafty_Witch_1230,890
peaceandstarships,891
sealsdontdodeals,892
An8thOfFeanor,893
Dry_Distribution9512,894
rizzo49er,895
South-Result9943,896
cookingboy,897
Euphoric_Field_8558,898
daswassup13,899
NefariousnessNo9409,900
timetravelart,901
kylegilliscomedy,902
PocketHealerBand,903
MrTGH,904
mcshanksshanks,905
WakenaUwU,906
Dead_Inside_ASF,907
Educational_Brain372,908
WishboneBeautiful875,909
Intelligent-Tie-4466,910
BenadrylCumberbund,911
BigFire321,912
bailecarrington32,913
Top25University,914
Vancanukguy,915
edginghackermaster,916
ahmedgtt380,917
jakubsienkiewicz,918
Other-Low3367,919
j2T-QkTx38_atdg72G,920
CampMain,921
MrCrunchwrap,922
hypnoticbox30,923
502Smitty,924
some-rando-2022,925
Time_Lord_1985,926
Rogex47,927
MisterStinkyBones,928
TheMessedUpSunflower,929
Serious-Detective497,930
lleett,931
boodoo1991,932
Electrical_Gold_6387,933
Evil_Jayy,934
lop333,935
ReallyEvilRob,936
Sweaty_Magician7259,937
Sputnik_411,938
Zukich,939
Own_Bluejay_9833,940
AnonymousSmartie,941
ChairThen4862,942
InfinityScientist,943
Fragrant-Stretch3814,944
mithridateseupator,945
Round-Loan-2653,946
Aggravating_Sea3271,947
Little_Access_8098,948
throwaway_helpy123,949
mtasunjids,950
SweetKitties207,951
Dragoneuh,952
knekted12,953
Big-Beta20,954
nicholaspham,955
MeguminShiro,956
drugsbowed,957
blitzkreig31,958
rocketinspace,959
DarwinDanger,960
BookStannis,961
IEvenShitIce,962
freedcreativity,963
Glide2flip,964
NaCl_Dreemurr,965
Ambitious-Gap-335,966
LateEntertainment899,967
brest-litovsk18,968
alifscholar313,969
bxnnytears,970
Key_Cry4711,971
mnagster2,972
PK_Studios,973
Aleksanterinleivos,974
gandalfwizardpipe,975
aqua_regis,976
Ok_Assignment4100,977
Ohhhhyeahnahyeah,978
Izodius,979
snowpeachcherry,980
checklolo23478987,981
idisliketech,982
sbgroup65,983
Passervore,984
ShikWolf,985
Theonlyeasyday,986
Electrical_Nerve9236,987
Comfortable_Shape264,988
EarthDragon2189,989
WARMASTER5000,990
ivebeenabadbadgirll,991
SayHelloToYou_hello,992
EIizabethAfton,993
2beatenup,994
GandaIfTheBeige,995
KozakVadym,996
Firm-Improvement5479,997
OldCoconut9802,998
daviddude92,999
skirsk12,1000
Suspicious-Treat-364,1001
KeyboardGunner,1002
BBgiraffeSee,1003
Past-Elevator-7207,1004
External_Molasses_70,1005
hpcdev,1006
Noctew,1007
AdventurousTheme737,1008
DrugChemistry,1009
CommanderCuntPunt,1010
Fun_Librarian_7699,1011
Working_Ad_9014,1012
ii0vepiink,1013
KrimzonFoxGoddess,1014
lewislesigor,1015
stufforstuff,1016
puljujarvifan,1017
ichegoya,1018
Longjumping-Ad1472,1019
shit_ass_mcfucknuts,1020
mrLol2,1021
Prestigious-Guide550,1022
Dr_StrangeLovePHD,1023
RelwoodMusic,1024
BoatsLady,1025
Alxandr13,1026
sabkapaisa,1027
Pitiful-Bread-2338,1028
cool-ad4956,1029
Renegade_Designer,1030
SweetestofDeez87,1031
Axynn,1032
meatygonzalez,1033
Lysanderoth42,1034
ArFiction,1035
LukeSkyWRx,1036
Frosty_Factor5992,1037
squishierfish,1038
Drayzew,1039
NoDoze-,1040
Internal_Number_6876,1041
Kamacalamari,1042
Herroefant,1043
Fabulous-Category876,1044
Visual_Leader_4519,1045
LanJiaoDuaKee,1046
thekarenhaircut,1047
newbie-traveller,1048
ResourceMuted2712,1049
ItsAdvance,1050
ThyEpicGamer,1051
sevensantana7,1052
BadNat,1053
ChaoticPyro07,1054
MrSluagh,1055
Masonjaruniversity,1056
shayyyna,1057
Metfan722,1058
SuitableAd3253,1059
isitdonethen,1060
Slow-Tough1862,1061
jaimeleblues,1062
Poszy,1063
No_Suspect7742,1064
TikiCruise,1065
Hydraulis,1066
221b-Baker-Street,1067
wsxcderfvbgtyhn,1068
filteredwater420,1069
Sirwired,1070
lvsgators,1071
TurbulentGap8646,1072
chocolatecoveredcee,1073
mckenzie_keith,1074
Glittering-Bus2581,1075
psychopompandparade,1076
TheRedd_Reign,1077
Spokraket,1078
SURPLUS_NiNjA,1079
wonderloss,1080
infieldmitt,1081
Just-use-your-head,1082
Cascading_Neurons,1083
colma_0,1084
ChapatinPHD,1085
Crazyfrogfan333,1086
POOPSCRUFFIN4U,1087
Quacklikeacrow,1088
dylanj1010,1089
Enoikay,1090
MadameCassie,1091
Emotional_Pin951,1092
JaaackKerouac,1093
darrius_kingston314q,1094
ToHerDarknessIGo,1095
GirasoleDE,1096
God-of-yall,1097
Own_Watercress_8104,1098
Few-Year-4917,1099
Melizzabeth,1100
after_storms,1101
No-Bell219,1102
Barza1,1103
TLRachelle7,1104
MarkAndrewSkates,1105
phys1c5stothemax,1106
Spaceman_the_SkierCO,1107
sylvyrfyre,1108
rubbertramp2000,1109
Megamage854,1110
stuputtu,1111
calcium,1112
Saulios,1113
Ok_Quail_385,1114
EducationalScreen441,1115
Bi0_Hazards,1116
someThrowawayGuy,1117
Top_Bee_5022,1118
rpbtIII,1119
mkhushwani,1120
Klutzy-Conference472,1121
DissentChanter,1122
RTBMack,1123
Professional_Sir_179,1124
EntertainmentOld183,1125
Vannehaleine,1126
17-70,1127
Background_Space_507,1128
unlucky-whore,1129
DirtyOS,1130
Bruce-T-Wayne,1131
battleshell1,1132
Barnonahill,1133
SpaceRanger21,1134
NemesisTheFlayed,1135
NPCPranks__,1136
LND_Piyoko,1137
Impossible_Bird6679,1138
LeadershipRemote8419,1139
MinimalGravitas,1140
gerneric_username,1141
JessaRaquel,1142
annonim12345,1143
Kagerou-Imaizumi,1144
GSMSGPOC,1145
ZEN-DEMON,1146
sugus11gamess,1147
Quiet-Emu862,1148
Dangerous_Cream7645,1149
lupus_lupus,1150
Fuzzy_Mongoose6321,1151
FennelUpbeat1607,1152
14thAvenue,1153
JgL07,1154
Veniqueox,1155
ae_babubhaiya,1156
jhaluska,1157
BFreeCoaching,1158
Crazykookoo219,1159
degraderS,1160
OkCheesecake2811,1161
BJntheRV,1162
Outside-Durian-8920,1163
TheElderGodsSmile,1164
TheBestRoadhogPlayer,1165
Doctor-Moe,1166
Ok-Entry7764,1167
USSHammond,1168
mkfrndsinfluenceppl,1169
SaltShakr,1170
SnooSketches6969,1171
Jumpy_Helicopter3744,1172
NormalGuy1066,1173
Simple-from-Em,1174
potentialwatermelon,1175
Kyle_c00per,1176
Mouffcat,1177
Debdubb,1178
maxkmiller,1179
stevehaynes,1180
Tc20111,1181
tvc_redux,1182
taleofzero,1183
liquidprotein,1184
PrecisionBludgeoning,1185
Loud-Bumblebee1090,1186
grshdat,1187
toolemeister,1188
Arrrtemio,1189
BarelyThereRN,1190
Big_Specialist5595,1191
not_0K,1192
thestorytellergamer,1193
Ok-Recipe-6523,1194
Final-Carpenter-1591,1195
yeahmynathan27,1196
KnifeKnut,1197
Elementisphere,1198
Dead_man_posting,1199
Most-Outside-1188,1200
throwaway5399573,1201
ConsoleTVs,1202
ZombieTheRogue,1203
TheBestBoot,1204
Physical-Advantage-9,1205
Beef_Dirky,1206
Bogeeee,1207
Its_Hiroshi_Tanaka,1208
SoupIllustrious8628,1209
NoNameN1,1320
OkRazzmatazz8370,1210
ASpaceOstrich,1211
ROZMARINstore,1212
liefn,1213
scwarrick,1214
KitchenInspection171,1215
EinHaDe,1216
mimimar91,1217
petra_reuter,1218
Jacobaschultz,1219
JPNGMAFIA,1220
RustyShackles69,1221
Dangerous_Pound3365,1222
Ricckkuu,1223
killaplz,1224
plotter4598,1225
ThoughtCenter87,1226
Appa-LATCH-uh,1227
DumbestBoy,1228
MrNooB55,1229
Critical-Success2384,1230
ThrowRaLokiz,1231
geebiec,1232
Sufficient_Simple977,1233
mironicalValue,1234
Western_Speaker_2670,1235
zaktt1,1236
Singularity-42,1237
Flaky_Ad3942,1238
jamesLahey69420,1239
PageSlave,1240
kansashotwings,1241
Sovietmexican,1242
1ed,1243
jbswisha,1244
bluesam3,1245
bq909,1246
SirGlass,1247
Gallops77,1248
Rohlaa,1249
globalnewsca,1250
LaughinBaratheon028,1251
Nilgeist,1252
TimboCA,1253
idontevenwork,1254
Trdcam,1255
Teknojnky,1256
ReservoirGods,1257
Sword-ofthe-morning,1258
Hanza-Malz,1259
VyseTheFearless,1260
Budget-Virus5533,1261
SteveMacAdame,1262
pm_me_all_catz,1263
hongminhee,1264
GremlinGlitch,1265
DoubleSurosMazing,1266
milkyrank,1267
ZahelMighty,1268
Organic-Luck5259,1269
Jadabugkila,1270
Traditional_Sell3376,1271
DontBeAPoor,1272
DogeUnscoped,1273
MisterButterworths,1274
apmspammer,1275
ToleranceRepsect,1276
Jusfiq,1277
Principle_Sharp,1278
TerriblePeak6943,1279
WithoutReason1729,1280
Direct-You4432,1281
DoLundtrump690,1282
Tupcek,1283
According-Hat-9106,1284
kwenlu,1285
amore_bot,1286
eshwar007,1287
Superb-Past-5556,1288
x755x,1289
LeadingBiology,1290
Xvailer,1291
Neospanner,1292
Kind_Stranger_6149,1293
asdasdgfas,1294
Big_Profit9076,1295
rixybaby,1296
Agitated-Gift1498,1297
Tscherny0815,1298
GullibleDoctor3175,1299
Upset_Programmer_183,1300
CyberPNW,1301
warrenant,1302
Playful-Photo6032,1303
Timbit42,1304
dub1808,1305
Mona_Lotte,1306
ZealousBastet,1307
blue_boy_robot,1308
janas19,1309
RaguSaucy96,1310
ralph36s,1311
CryingWillows,1312
DrDreidel82,1313
Jay_Dubbbs,1314
N8creates49,1315
EngineSensitive2584,1316
Creepy_Active_2768,1317
CROBBY2,1318
LegOfLambda,1319
Party-Discipline9870,1321
p00nin44,1322
busche916,1323
mafia-honey,1324
OldGoldenDog,1325
Far_Test8091,1326
unshodone,1327
toughlove96,1328
AttackOnShow,1329
Bacon_egg_,1330
achenx75,1331
lewisdwhite,1332
jackrats,1333
LegitimateDog4237,1334
OddCup246,1335
Hefty_Career_5581,1336
robert231101,1337
calamitypepper,1338
zakkmylde2000,1339
Kotviz,1340
paul_wi11iams,1341
rainoneiric,1342
MyPinkElephants,1343
alizayback,1344
proanti,1345
pleasedontjudgeme13,1346
Joshlukesmith,1347
Intelligent-Cycle157,1348
TorontoDavid,1349
Light_Damage,1350
AFtml2,1351
CybranNation,1352
jperkins79,1353
EmreTuranofficial,1354
bgomes10,1355
vermilion_wizard,1356
1SassyTart,1357
winstonwolfe333,1358
Paulsenstor,1359
Roey-101,1360
candiropebunny,1361
B1LLZFAN,1362
ubcstaffer123,1363
danj2k,1364
willymack989,1365
ProfessionalSame6606,1366
KRYKIEE,1367
AlexMustang64,1368
Severe_Coyote_3741,1369
Rengeflower,1370
RhubyDifferent3576,1371
cosmicityy_,1372
Fit-Highway1478,1373
TransFormer_420,1374
Randy519,1375
suwl,1376
Ok_Silver_7596,1377
MochaCcinoss,1378
NightstalkerX8,1379
bookish_bex,1380
SnooCats8451,1381
Lazy_Park_2581,1382
ramonchow,1383
magnetic-megafauna,1384
troutposition,1385
Avaylon,1386
oalbrecht,1387
CharlieLiverThief,1388
Hafthohlladung,1389
SuccessNVodka,1390
champdo,1391
intsors,1392
CamSleeman,1393
SeaPrince,1394
Legitimate_Heron_696,1395
d0rf47,1396
ToyBoxGroup,1397
2222lil,1398
Jord6591,1399
Im__Ron__Burgundy,1400
Own-Beautiful1383,1401
Boyluboylu09,1402
asilestr,1403
Correct-Chocolate596,1404
lookalive07,1405
Hoerspiel-Podcast,1406
DrinkMoreCodeMore,1407
SlowDoubleFire,1408
AcornAl,1409
Right_Cup_578,1410
10marketing8,1411
masterofawesomeness2,1412
DerTischIstSehrGut,1413
No_Clerk_1715,1414
Nomadx97,1415
Itchy_Vermicelli7272,1416
SurprisedPotato,1417
Lammiroo,1418
LegitimateFactor6663,1419
triflingtendency13,1420
PhuckedinPhilly,1421
CogglesMcGreuder,1422
mcfw31,1423
csasker,1424
SeraphLink,1425
anonymus1994,1426
BezugssystemCH1903,1427
jatert1,1428
Lopsided-Sundae5458,1429
esqtin,1430
TheDiscoChicken42,1431
Nappev,1763
No_Philosophy_3622,1432
blipojones,1433
jbggjgi5,1434
Mikey118,1435
LittleLachrymose,1436
CheapDifference3819,1437
super9090,1438
renok_archnmy,1439
EvenHelicopter4694,1440
X_Y_Clown,1441
Massive_One_4230,1442
Due-Distribution-463,1443
ext3meph34r,1444
tofe_lemon,1445
Noctuina,1446
alchymst0317,1447
IMightBeAWeebLol,1448
mannymoola,1449
H8erRaider,1450
nume23,1451
mark_target,1452
Competitive-Pound611,1453
Ok_Address697,1454
dannydb,1455
SupaFro_,1456
DemonKiller0747,1457
pewdsVStseries,1458
upandcomingengineer,1459
LatterPick7252,1460
HaroldBloomingOnion,1461
WallStLegends,1462
best_of_badgers,1463
MoonLoopsDev,1464
Dooglers,1465
thornae,1466
nat_mohari,1467
effrightscorp,1468
AffectionateUmpire20,1469
399ddf95,1470
Dry_Reputation5774,1471
Physix_R_Cool,1472
rodrigorogerarts,1473
ptWolv022,1474
Phenomenal2313,1475
GamingNebulon,1476
Bright-Lion-1383,1477
DangerousBill,1478
SwordOfAzeroth,1479
activous,1480
Cookieswithfilling,1481
CornCobMcGee,1482
Abovearth31,1483
maysara-elshewehy,1484
thechickenfiend,1485
PleasantHawk4301,1486
Ironbreaker27,1487
LikeFarts_InTheRain,1488
pagan-0,1489
mzulie,1490
Shitting_Human_Being,1491
Goetterwind,1492
Heelincal,1493
Striking_Soil_9643,1494
HenkaSan,1495
imstillmessedup89,1496
monstermelone,1497
mogthepawg,1498
kscott0986,1499
innersmile14,1500
bernie_lomax8,1501
Wolpfack,1502
jbiz562,1503
kingjensen10,1504
MrPatrick1207,1505
Epicboss67,1506
ele903,1507
Orgullo_Rojo,1508
ankitjhall,1509
chefboyrkeat,1510
ParadoxFusion,1511
EssentialTremorsSwe,1512
Impressive-Ice3046,1513
ursaminor1984,1514
PvtWangFire_,1515
galebot,1516
Slow_Adhesiveness_18,1517
njsam,1518
_ztark,1519
Loki-Skywalker,1520
DansAdvocate,1521
Ok-Battle-2769,1522
TheKaboodle,1523
FFBot,1524
dearglach,1525
RobertCRNA,1526
geekz3r0,1527
Garganzaroth,1528
noshad_m,1529
5apnupuas,1530
imhighonpills,1531
Sk8ter87,1532
Elongulation420,1533
Rezurvive,1534
Peterd1900,1535
SideBet2020,1536
imokaae,1537
thebestoflimes,1538
Chimsley99,1539
DROID808,1540
Hippiegirl_22,1541
CrocodileWorshiper,1542
Ghostlegend434,1543
Just_Trans_Sammy,1544
refmaniac,1545
NoForm5443,1546
Important_Frame_2094,1547
teaganhipp,1548
captainAwesomePants,1549
elshankar,1550
Soso9_,1551
aaronman4772,1552
Far_Citron_3465,1553
reddit_port8080,1554
Noneya_Biddness,1555
Kmia55,1556
allium-dev,1557
fumitsu,1558
jlsreads,1559
Ok_Sea_2295,1560
usernamedejaprise,1561
RootBeerJedi04,1562
ClaimChance1731,1563
RightHandOfMomus,1564
EastTricky3670,1565
Odd_Carpet8181,1566
Mazius,1567
OppositeErection,1568
SignificanceDue7449,1569
smart_stable_genius_,1570
jacnel45,1571
Fiston_F,1572
SpergTrader9000,1573
Appropriate-Run6776,1574
Jolly-Row-66,1575
Hixxbollen,1576
FewPower600,1577
PsychedelicSunset420,1578
SnooSprouts8396,1579
zcrypto,1580
systemstheorist,1581
Unfair-Tough4154,1582
fugupinkeye,1583
Basket_Chase,1584
Knightbear49,1585
HappyShickBrooch,1586
BlacktoseIntolerant,1587
ShakyDevil,1588
50tuckgod,1589
francuriousandumbaf,1590
VF79-USMC-155MM,1591
2peg2city,1592
thenewyorktimes,1593
peedge0419,1594
Newfur,1595
Casssablanka,1596
bionic0102,1597
HelloVermont92,1598
slingfatcums,1599
zahzah712,1600
FirstBallotMatrix20,1601
ThanatoX33,1602
Kinshiniko,1603
EvenBetterCool,1604
lIIllIIIll,1605
0thell0perrell0,1606
abhijitht007,1607
New_Section_9374,1608
Time_Marcher,1609
Someones_Dream_Guy,1610
MK121895,1611
sexyfemalewquestions,1612
why_prashant7,1613
ApexShikhar,1614
niceshoesmans,1615
TussalDimon,1616
PriceofPlay,1617
SnooSprouts2551,1618
UnintentionalWipe,1619
namnam000,1620
Eevich,1621
theobfuskate,1622
sunshiliang2000,1623
muklan,1624
ClubMeSoftly,1625
Slawth_x,1626
housflppr,1627
Covette,1628
PBProbs,1629
TradeFeisty,1630
chrisdh79,1631
Pale-Juice-5895,1632
countryd0ctor,1633
Nid45h,1634
lawrencedun2002,1635
PleasantPhysics7982,1636
Stargazer_1987,1637
mysteriously_moist,1638
TGS-MonkeyYT,1639
SecureExpression5507,1640
mzschwartz88,1641
Pegasus711_Dual,1642
WittenMittens,1643
Leonvsthazombie,1644
BenWallace04,1645
CountryRockDiva89,1646
Ur_Just_Spare_Parts,1647
NorthernriderTom,1648
Expensive_Status1119,1649
SebastianSchmitz,1650
Guywidathing2,1651
bjocknero,1652
alt266,1653
chucklezdaccc,1654
Soulyoart,1655
NatalliaValiukevich,1656
not-a-nose,1657
ChuckTheChick,1658
ostensibly_hurt,1659
fuzzy_afternoon101,1660
lefiath,1661
Triangli,1662
wuschel_wuwu,1663
abortion_parade_420,1664
Chippiewall,1665
BestVersion01,1666
Braxdon-Johnson,1667
ajeanmoss,1668
onda-oegat,1669
jaketocake,1670
Sozo_Agonai,1671
Just-Gift2631,1672
IHavePoopedBefore,1673
GOYAADi,1674
weirdowerdo,1675
Saved-and-Secured,1676
The1withtheslashed0,1677
Moobil317,1678
demostheneslocke1,1679
__DeadBeat,1680
iwamy1991,1681
Lilcamwin,1682
reaven3958,1683
JodouKast,1684
Kevinator201,1685
ThisGuy21321,1686
spectical_boi,1687
Accomplished-Use4860,1688
Zhenoptics,1689
n9tax,1690
killa_k99,1691
No-Gold-3771,1692
__SaintPablo__,1693
Vinnnnnnnnnnnnnnnnnn,1694
69chevy396,1695
Glittering-Pause-328,1696
No_Locksmith_1755,1697
Seriouslypsyched,1698
rSpaceXHosting,1699
Multibitdriver,1700
Giadeena,1701
RiChessReadit,1702
Careless-Dig2046,1703
Protrino,1704
blinkhornmusic,1705
Just_Another_Wookie,1706
8923ns671,1707
Sad-Anybody8489,1708
tee-dog1996,1709
Volkcan,1710
MelonElbows,1711
slimmer01,1712
APrentice726,1713
nonamepeaches199,1714
Adventurous-Ad-101,1715
StridentBugle,1716
Dadino99,1717
SsjAndromeda,1718
Aware_Development553,1719
Separate-Fennel-2468,1720
pogopin6969,1721
NoFightingInWarR00M,1722
NoLongerBones,1723
Mean_Half_8921,1724
LiquidSquirrel28,1725
Mfstaunc,1726
nsxwolf,1727
Ok_Pattern_7511,1728
noimtotallynotatroll,1729
ticklebest,1730
brownsfan003,1731
stolenbyfire,1732
chaotic_crystal,1733
kueerseoa6,1734
Majested-Toast,1735
Shire_Hobbit,1736
Perfect_Major8902,1737
Pure-Action3379,1738
Not_found11,1739
jimjammerjoopaloop,1740
half2wellbaked,1741
turtleship_2006,1742
VesaAwesaka,1743
tatlpax,1744
ExpensivePiece7560,1745
Far_Cry3445,1746
SynthD,1747
TinyPurpleCake,1748
Giga79,1749
omer831,1750
whatsupwhere42,1751
MichaelFusion44,1752
Weiss_8,1753
Spoonerdude,1754
Svennehiphop,1755
Calm_Wafer_8152,1756
RXBarbatos,1757
Old_departure_,1758
ElectricalCrab5376,1759
Chi_Ron,1760
ixDispelxi,1761
twentythirtyone,1762
DeanWilliam0,1764
el_diablito69,1765
VehaMeursault,1766
must_be_funny_bot,1767
Gay_Q_u_een,1768
Blitzy_9979,1769
InspectionNarrow9439,1770
bagsofcans710,1771
Helpful-Practice-246,1772
uno_sir_clan,1773
ThatGirlTay1,1774
Dulllboyyy,1775
zelkoi,1776
Killazzzzzzz,1777
Shiboleth17,1778
Jay-Wagner,1779
ModularScapes,1780
TheConnectionist,1781
Suspicious-Safety627,1782
Special-Procedure429,1783
soupinator2000,1784
Global_Challenge_413,1785
kenzo99k,1786
andr386,1787
AnalystShort1331,1788
SpencerWFlying,1789
mado1991,1790
BlackDiamondDee,1791
External-Flan4715,1792
whatever73538,1793
viethg,1794
DangerousLettuce1423,1795
tramdrey,1796
Rogue_Assasin999,1797
JessieJ577,1798
Jellycoe,1799
CharityJealous838,1800
Pleasant-Drag8220,1801
Background_Gene9139,1802
Ephemerror,1803
BlAcK_BlAcKiTo,1804
honeybaba1212,1805
EnergyAltruistic2911,1806
Prestigious_Sail_999,1807
BoxGroundbreaking452,1808
ruthabigail,1809
panchuxy,1810
rekscoper2,1811
islander_guy,1812
Tunnfisk,1813
EntertainmentTiny515,1814
atropicalpenguin,1815
iamcoollife1994,1816
Artist_Designer_70,1817
QuemSambaFica,1818
viper_in_the_grass,1819
tridup47,1820
Rcoolstar1,1821
delcookie,1822
STAHP___,1823
ChonkyKitty0,1824
Rastalars,1825
scrollin_on_reddit,1826
maven_666,1827
Tronco08,1828
Bikerstudd99,1829
NugKnights,1830
JenovasChild666,1831
Mothrahlurker,1832
Expensive-Refuse-687,1833
Appropriate_Volume,1834
zeezero,1835
raeleszx,1836
16greenman,1837
MarcOxenstierna,1838
OICGraffiti,1839
tristpa2,1840
endless_universe,1841
Avareeses,1842
BadGamesJules,1843
plugthree,1844
ShelbyTheDev,1845
Euphoric_Mongoose240,1846
Ponyoholly,1847
forestbitch1,1848
KamikazeNL_1985,1849
Hagi89,1850
Far_Dance8849,1851
darthgong,1852
devply,1853
StatStar7,1854
I_am_the_grass,1855
toughluvvsoldiers,1856
Accurate-Soil684,1857
Blitzhelios,1858
InspectorRoyal4635,1859
Exilpeil,1860
HazHispania,1861
That-Aardvark-2739,1862
ybatyolo,1863
Elephunk05,1864
Do-Chan-Knigtho,1865
xphlln,1866
unfinished_animal,1867
PG-Noob,1868
Ultimagus536,1869
Potato-Engineer,1870
Igotproblems_99,1871
MysticMagic2540,1872
Vinkiller,1873
return_the_fab,1874
lyyki,1875
guest271314,1876
TheComplaintDept,1877
Sharp-Leopard9939,1878
Tall_Biscotti6870,1879
JBuzz87,1880
Gingerhead14,1881
Krilesh,1882
jeffyride2,1883
namsez628,1884
Great_Coast_8377,1885
Primary_Lawyer2925,1886
amjh,1887
ConfusedGrundstuck,1888
0x-CAFE,1889
Few_Reflection_1795,1890
applicator4nicator,1891
PossibleContextFound,1892
NNukemM,1893
Blappytap,1894
Tempest1677,1895
Suonii180,1896
zatars77,1897
xwayxway,1898
heyhihowyahdurn,1899
Think_Common9865,1900
Franzi18-de,1901
SeraCat9,1902
FaceDeer,1903
WhiteHeterosexualGuy,1904
Leonardo_DiCapriSun_,1905
ProtoformX87,1906
Man_Roland,1907
aliensmoker,1908
lava172,1909
NotSureNotRobot,1910
timstrut,1911
Mining_ship,1912
Marchin_on,1913
jokaiikka,1914
laserfilefinder,1915
King_of_Hats,1916
Kawifox,1917
Jeskid14,1918
Narrow_Challenge2532,1919
BenBishits,1920
BackOut07,1921
DoggoPlayz1,1922
Thatguybreadman,1923
Alioshia,1924
Rich-Appearance-7145,1925
alanxz196,1926
Comfortable_Coast565,1927
EssayAbject5303,1928
Tarnhill,1929
ykcae,1930
MundaneAd5257,1931
VelocityGrrl39,1932
Perfect-Occasion-790,1933
__Spideraty15,1934
mistermanko,1935
noaneverstops,1936
mochi_the_cat3,1937
redditwasamistake420,1938
ThrowRA262738,1939
chentaurski,1940
Any-Giraffe-946,1941
goomfrontIut,1942
operez1990,1943
deftones-sextape,1944
No_Emergency_2792,1945
chara____dreemurr,1946
Help1Bottled1t,1947
JaydenMongoose,1948
Fit_Bus9614,1949
nodoubt2021,1950
Deanwinchest98,1951
PacificPaint,1952
CRBlank_Studios,1953
Mean_Philosopher1054,1954
Ramunno,1955
MycoMythos,1956
Bleth666,1957
LeftAd6177,1958
SLR107FR-31,1959
King_Tired_,1960
Liberteabelle1,1961
Civil_Lynx_6791,1962
Plus-Bowl5330,1963
ill_willll,1964
VoiceforSandS,1965
disstressedHumanoid,1966
maitreya88,1967
AllAboutIE,1968
Economy-Support1739,1969
Fantastic_Turtle_17,1970
InformalTreat1954,1971
Delicious_Stable673,1972
Kodriin,1973
Cainpimp,1974
fluffykerfuffle3,1975
Chemical_Doubt3598,1976
MDPriest,1977
Apprehensive-Ad4244,1978
No-Session5955,1979
Balsamicmoon3,1980
daocent,1981
ReidenLightman,1982
jockos98,1983
madmax299,1984
blehblehboop,1985
fletchP666,1986
giacomok,1987
HadrionClifton,1988
Gnl_Klutzky,1989
mnombo,1990
SuperTheChosen,1991
psilorder,1992
SalamAsh3000,1993
Awkward_Advice_4265,1994
Inertia_fx_java796,1995
MstrLuigi,1996
Valuable_Sky_3091,1997
Adventures_Abroad_01,1998
jhbolter,1999
PghSubie,2000
Shadowsole,2001
Unlikely_Music8401,2002
minektur,2003
Voeker,2004
ScroteBandit,2005
Tjc235,2006
wildwylez,2007
john_t_fisherman,2008
faslane22,2009
SUBGOKU,2010
twodeadsticks,2011
Silent-Glass7399,2012
Cryoteer,2013
Haouryuu,2014
ClimateSubstantial93,2015
Fuscello,2016
inayapetblog,2017
Spedbros,2018
Clapped-_-,2019
STARTARIOT99,2020
Ashamed-Entry-4546,2021
Latter_Waltz_9024,2022
cybertoji,2023
aroberts16,2024
Trick-Palpitation446,2025
Jurupa_BR,2026
r3dienhcs,2027
ChaoticEvilRaccoon,2028
Big-Horse-285,2029
bjvista,2030
Spicy___T,2031
guirmss,2032
knowledgekey360,2033
Vacarrion66,2034
SteaknSalt,2035
Finalpotato,2036
GuardianOfZid,2037
Slight-Indication-10,2038
Prydexx,2039
Merukurio,2040
Delicious_Term_2464,2041
sys0wn,2042
Sad_Slice_5334,2043
CptPshyco,2044
DepressedDyslexic,2045
Nevertoohard,2046
Ok-Educator2837,2047
LevelImaginary4370,2048
ComplexApplication11,2049
distractedpuppies,2050
Semaj_kaah,2051
Badieon,2052
CallMeYox,2053
Eliminatron,2054
BuyerAccomplished783,2055
Pitiful_Water_9424,2056
DarkvalorVanguard,2057
arcadiaware,2058
DDDystopia666,2059
drak0bsidian,2060
Dommybomb,2061
Eastern-Spot2023,2062
TheRightAngle90,2063
RedUser0121,2064
Chrisweldpk,2065
Lanky-Ease-3812,2066
DecayingTooth,2067
SunnyFlower57,2068
Bored_Lily,2069
EatenByAntlion,2070
alkingkerolos,2071
creat_refeelings,2072
shadeland,2073
ShriekingSkull,2074
squintytoast,2075
V1rreF,2076
theghostemoji,2077
alchemist01a,2078
dylberk,2079
SkepticAtLarge,2080
izzy-springbolt,2081
pestomacaroni,2082
Nuclearwhale79,2083
bobcctx,2084
Yana115,2085
RevenueObjective4652,2086
John-Weekend-999,2087
King2DThrone,2088
Particular_Newt_9859,2089
onlynicol,2090
Holiday-Horror1582,2091
Anastasius101,2092
Excellent-Intern9498,2093
edzivert,2094
_Scoobi,2095
fantasysportswear,2096
Toinneman,2097
PsychologyConnect489,2098
Zambling,2099
Kpowell911,2100
TheDoctorSadistic,2101
jimraf,2102
Ok_Plane_88,2103
Great-Sea-4095,2104
Puzzled-Ad-6210,2105
prettypastalover,2106
BigCookie00,2107
buddhistbulgyo,2108
Ygritte_02,2109
Supercloaker,2110
zombiezucchini,2111
citokinesis,2112
UnableKaleidoscope58,2113
Unlucky_Dog_8323,2114
CrimsonFox99,2115
imyourconscience,2116
stewpert5,2117
DominoChessMaster,2118
Several-Definition72,2119
licecrispies,2120
so1i1oquy,2121
InternationalNet1906,2122
Derreekk,2123
LordSpookyBoob,2124
CurvatureTensor,2125
East-Ad3756,2126
Elixirial,2127
Wiggs0,2128
Intrepid_Rip999,2129
crayyyyyy,2130
thinbuddha,2131
mchvll,2132
Severe_Effort3978,2133
brajandzesika,2134
MorningTide98,2135
lionalhutz,2136
Wolfgang_blend,2137
doctorlag,2138
Dheesaur,2139
Clean-Two3183,2140
ACSPubs_Research,2141
blipman17,2142
Tough_Cookie85,2143
SubstantialLeap007,2144
TENDER_official,2145
IWillKeepIt,2146
Tricky-Tension-3143,2147
Effective_Finding626,2148
purple-pebbles,2149
NotUpdated,2150
sushiface,2151
auroragraphic,2152
chaotic_evil_666,2153
mrspremise,2154
Different-Morning-60,2155
thedaveperry1,2156
LiumD,2157
f-as-in-frank,2158
procheeseburger,2159
Acceptable-Ad-328,2160
YourWoodGod,2161
maxipad4,2162
Frums2099,2163
-imbe-,2164
Chun-Ni,2165
Sweaty_Eggplant2594,2166
FrozenFireVR,2167
ImKarenthemanager,2168
albususdumbledore,2169
Annabethowl,2170
Exciting-Detective65,2171
kmansp41,2172
CorvusLX,2173
WellMakeItSomehow,2174
prusuttam,2175
awoo2,2176
jkbpttrsn,2177
PotentialEdge2938,2178
AlphaBetaGammaDelta_,2179
mariosithhrealdeal,2180
sydyoudigg,2181
Alternative_March_67,2182
LightTasty6904,2183
karinzettou,2184
Ekavya_1,2185
UncutWilly24503,2186
Big_Initiative3815,2187
Longjumping-Click-36,2188
yams4lunch,2189
ictuper,2190
Stalking_Goat,2191
Hardsoxx,2192
Fiske_Mogens,2193
cogitoergosum25772,2194
Nerathun,2195
NCSUGrad2012,2196
DevoutandHeretical,2197
sequestuary,2198
Old-Assistant-1738,2199
Extreme-Investment39,2200
zeshbooby,2201
_shellsort_,2202
miner88,2203
kavalierbariton,2204
theboozerweight,2205
Ok-Lunch7685,2206
homemade-toast,2207
realyolo,2208
Smooth_Use9092,2209
adamantium1992,2210
IllChapter2640,2211
MarkWhittington,2212
dead_planets_society,2213
Cerebral_Kortix,2214
workforyourself,2215
krissyskayla1018,2216
knfe_party,2217
UnusualCartoonist6,2218
ColdIceZero,2219
fmorais92,2220
sahmed323,2221
MutantCreature,2222
SumthingBrewing,2223
BeBesMom,2224
ChickenNamedAlbert,2225
347midnightdemons,2226
Sigmatics,2227
AAS02-CATAPHRACT,2228
Fraud_D_Hawk,2229
Junior_Might_2468,2230
MN_Maryam1,2231
RedpandaOnALog,2232
Ms_Saul_Goodwoman,2233
amnes1ac,2234
hahaha01357,2235
pr0b0ner,2236
doloresclaiborne,2237
scolderboulder,2238
Swimming-Ad-5516,2239
AzzyTheWhiteCrewmate,2240
yhsong1116,2241
xFrostyDog,2242
ech0ech0ech0,2243
goggs122,2244
LusHolm123,2245
R2W1E9,2246
woodsongtulsa,2247
d1ez3,2248
Kais615,2249
CriticalResident4341,2250
CTMacUser,2251
enigmaroboto,2252
SaintIgnis,2253
LieAgitated2699,2254
Reikamaru,2255
Comfortable-Form4200,2256
stocks_seeker,2257
Least_Hope_4937,2258
Monsieur-Incroyable,2259
chapridonkey,2260
DAL59,2261
Haw_and_thornes,2262
Extension-Response26,2263
ALincoln16,2264
Super_Cabinet6718,2265
meesok11,2266
kielu,2267
GaiusOctavianAlerae,2268
OppositeBeautiful475,2269
Manpons,2270
85501,2271
Eirson,2272
SqueekyGreaseWheel,2273
Secure-Pressure-2248,2274
newtopic,2275
lueur-d-espoir,2276
messssssme,2277
bee-gummybear,2278
ExternalCollection92,2279
GetGoingPeople,2280
ncopp,2281
Ethereum2077,2282
wehaveYummiTummies,2283
romisbmw1989,2284
myblogbar,2285
Dr-Dan-Drangle,2286
ohp250,2287
ChiSox1906,2288
Daniix33,2289
WayneOffDaGass,2290
feb914,2291
JellyfishOrdinary479,2292
Top_Emu5411,2293
Longjumping_Dot_8634,2294
PhantomRoyce,2295
Tiwanacu,2296
Interesting-Dare-727,2297
stashrx,2298
FemaleAndComputer,2299
Runiie_,2300
KanchoMaster70,2301
DynastyZealot,2302
Tranzor__z,2303
djmelvis,2304
luciana_proetti,2305
SaintWerdna,2306
marvelknight28,2307
DenGothAddict,2308
rytis,2309
JodoKast87,2310
Klepto666,2311
Jrod9190,2312
Inevitable-Mud-9228,2313
Unicron_Gundam,2314
Zealousideal_Wind135,2315
Secure-Present-295,2316
YourTipicalGeek,2317
Si8u,2318
MaximusDM22,2319
ldespisethisapp,2320
wooflee90,2321
bluequail,2322
Known-Molasses-1256,2323
ToxicPsychoBaby,2324
Matt_Rabbit,2325
co_gue,2326
demoivre38,2327
bug-hunter,2328
Illumi223,2329
GorzekTheGreat,2330
Fine_Pie6868,2331
rounding_error,2332
aiesileum,2333
Ok_Quarter_6648,2334
FloridaMann25,2335
Tribal_Cult,2336
ExperimentalFailures,2337
Tobacco_Bhaji,2338
prinxpetalouda,2339
TheFatJesus,2340
PepperPlaysMeow,2341
Equivalent_Rule_3406,2342
xandroid001,2343
SanjayPandey8945,2344
sleezzie,2345
Doktor_Layton,2346
SuperMario630,2347
Sad-Ease-6891,2348
Gus_TheAnt,2349
Hotpod13,2350
OhhJuliett,2351
sajjad7861,2352
No-Tradition2677,2353
yyuyuyu2012,2354
Tenton_Motto,2355
GroovyDucko,2356
Laka18,2357
Batpole,2358
No_Presence_9560,2359
CaveMonsterBlues,2360
JBAMMM,2361
Roadgoddess,2362
Ragnurs_KL,2363
Cjj1481,2364
SensitiveAudience370,2365
georgia_is_best,2366
autech91,2367
ben_salander27,2368
Cyriously_Nick,2369
Frosty-Room1927,2370
real_polite_canadian,2371
UnDrAchEvR53,2372
Valkyr_Prime,2373
Wide-Shopping-3436,2374
daveypaul40,2375
Middle_Chest2698,2376
wcsbackwards,2377
KindWorldliness4662,2378
Internal-Engine-8420,2379
fmsqueeze,2380
Icy_Creme_2336,2381
Wholly_grapefruit,2382
gonzxor,2383
martinxfinn,2384
Fvckin-mel,2385
Iranoutofhotsauce,2386
Real-Builder2751,2387
fLOURFACE,2388
f0cus622,2389
roberto_okumura,2390
mrididnt,2391
DaltmanA,2392
robin_f_reba,2393
JoiseyDragun,2394
tehjamerz,2395
PoopyMouthwash84,2396
An-Omlette-NamedZoZo,2397
frogmuffins,2398
GaburiGabu,2399
Necronomicron,2400
throwawayaccount-381,2401
Mayfarm200,2402
PerfectDoor3077,2403
SporadicallyInspired,2404
Undertale_fan46790,2405
crudedrawer,2406
DeletedWolf52,2407
crua9,2408
HoodedOccam,2409
CriticalSkies,2410
Falcon84,2411
Latter-Emu-5594,2412
akouta,2413
Digiturtle1,2414
SD104,2415
Hemi425HP,2416
SillyCowboi,2417
Dogmom2013,2418
szuruburuszuru,2419
BadArtijoke,2420
curiousnetworker616,2421
GatorAIDS1013,2422
One_Dot_7640,2423
the_glass_essay,2424
diacewrb,2921
GreenDefinition5,2425
PriorContribution607,2426
RedditEnjoyer95,2427
Soft_Sail_8593,2428
Mr_baguette420,2429
nicholaslobstercage,2430
shiftybyte,2431
playwrightinaflower,2432
WolfdogsSweep,2433
emanresueqinu,2434
possiblyukranian,2435
nf22,2436
esbirreo,2437
inherentlyawesome,2438
No-Category-6343,2439
BigSteve414,2440
Clear-Scallion-2048,2441
Evermar314159,2442
_Lucille_,2443
Notlongleftnowtn,2444
AuralTuneo,2445
hardcoremilf,2446
atraintocry,2447
MadamTusspells,2448
CantStandItAnymorEW,2449
skylarisabitch,2450
Broly_,2451
drucifer999,2452
4dseeall,2453
GodModeGaming17,2454
Steeltoe_0nesie,2455
Jaded_Warrior123,2456
tobeaseer,2457
Melodic-Extreme-549,2458
seiff4242,2459
partypartypartyparty,2460
itstimefortimmy,2461
goestowar,2462
Affectionate-Bee3913,2463
Jack-_-Koff,2464
fuelter,2465
bingbing0523,2466
SoarinWalt,2467
Unuseful_Perception,2468
Real-Tension-7442,2469
74NGELS,2470
Competitive-Yam-23,2471
sidGeek,2472
ThinkHome4366,2473
Spelvout,2474
Thorusss,2475
Enjoying_A_Meal,2476
tthrowitallaway500,2477
GetTherapyBham,2478
g_lox,2479
TropicalGeometry,2480
Eisbeutel,2481
doug9695,2482
Suzie_trans,2483
Lazzarblade,2484
Impossible-Ad-8462,2485
LeoCrimson1,2486
armchairquarterback2,2487
missnayy,2488
Striking-Natural-296,2489
Free-Industry701,2490
Landeler,2491
Dankbradley,2492
Straight-Grand-4144,2493
Pkabpk,2494
matteoquartucciart,2495
SpicyNovaMaria,2496
JBudz,2497
basedadd,2498
curtily,2499
Affectionate_Fig3269,2500
Winter-Couple-4877,2501
eyesonbacon,2502
bugtank,2503
WexMajor82,2504
Phyrnosoma,2505
jconnes1924,2506
humblecactus,2507
chaseontheroll,2508
Ok-Garcia-5605,2509
felixsmokes187,2510
DeadlyHalo_,2511
rocksrain,2512
Limp_Morning_8546,2513
olididcas,2514
lovemaya11,2515
New_Button1480,2516
bingobronson88,2517
New_Article_3562,2518
SDF_of_BC,2519
SethAndBeans,2520
ValorWakes,2521
Mxlplx,2522
kaworukinnie,2523
dragon5946,2524
State8538,2525
mark01254,2526
Aq_p____W,2527
cahruh,2528
kambiz,2529
Nizorro,2530
AnnushkaToys,2531
Resident-Purple-8852,2532
Rvylol,2533
Headlocked_by_Gaben,2534
EPSN__,2535
TopPerspective3518,2536
StrangerFearless9484,2537
kurosaki_100,2538
-_-_-_-_-_-_-__-_-,2539
Oferlaor,2540
804Brady,2541
Zealousideal_Use_966,2542
Kolbrandr7,2543
Alternative-Egg5394,2544
Beginning-Dog-5164,2545
thethrillhilljr,2546
Dfargo,2547
Fit-Trust-4793,2548
faceoff_sports_net,2549
Lindvaettr,2550
GlowUpper,2551
EJA4601,2552
cat_man_404,2553
freddy91761,2554
Narme26,2555
gliese946,2556
AaronC615,2557
vivam0rt,2558
No_Benefit_6505,2559
Cidwill,2560
Vast-Guess-4153,2561
williamb100,2562
Mugmug28,2563
Far_Promise_9903,2564
NAlaxbro,2565
nurselife93,2566
Flat_Union_8375,2567
AbbreviationsMean578,2568
lolmon20,2569
Shootacameranotagun,2570
That_Sweet_Science,2571
Helgon_Bellan,2572
Proof-Bed-6928,2573
hirforagoodlongtime,2574
Sufficient-Ad8825,2575
Independent-Formal54,2576
nbcnews,2577
Tomal---,2578
thedennissystem92,2579
cuazibiang,2580
Subject_Gur1331,2581
Honest_Particular962,2582
FandomCece,2583
jacksoncity,2584
Galahad_godkiller,2585
No_Tailor_9529,2586
TurtleBoy2123,2587
Broad-Ad-4605,2588
chicoooooooo,2589
SketchySeaBeast,2590
Progress-Competitive,2591
Mzest,2592
chrilro,2593
lajollahc,2594
hardik-s,2595
simurg3,2596
Drywesi,2597
R_T800,2598
marksuckaball,2599
likbill66,2600
DjChrisSpear,2601
IMMoond,2602
WaferHealthy9335,2603
tessartyp,2604
Impressive_Echidna63,2605
TwoApprehensive3666,2606
AppropriateRadish846,2607
rywi2,2608
DaveAndJojo,2609
WhiteSkinnyGuy,2610
paradoxally,2611
OBAMNA226,2612
klarahopes,2613
UIQueen,2614
lilaluooo,2615
Kasual-Games,2616
Thaumato9480,2617
AUDIOATION,2618
The_JadynB,2619
agentearthworm,2620
SzczepanZG,2621
HouseSublime,2622
Low-Wallaby-8487,2623
whalias69,2624
TheLeon117,2625
darkalfa,2626
mehtab12,2627
AlphaPiggy300,2628
Prestigious_Tell9477,2629
DeGozaruNyan,2630
The_Big_Untalented,2631
AKiiidNamed_Codiii,2632
Ceefus,2633
BowtietheGreat,2634
hr_pleasedontfireme,2635
ForumTurken,2636
Current_Flight9721,2637
WatercressCurious827,2638
Level_Reflection7808,2639
Content_Bullfrog_320,2640
Fusciee,2641
prof_dorkmeister,2642
Elegant_Departure_99,2643
kidwithhat58304,2644
nebyneb1234,2645
Same_Ad_1631,2646
totally_random_man,2647
JustChrisMC,2648
Timely-Tradition8327,2649
Full-Sock,2650
YoureASkyscraper,2651
a30195024,2652
Turbulent_Regular_62,2653
LoofandTimmy,2654
Tribble9999,2655
Dangerous_Eagle_8253,2656
Narynan,2657
geek_noob,2658
International_Pin917,2659
SparklesPenguin,2660
Dependent_Quail_6995,2661
Aisriyth,2662
Competitive_Bat_5215,2663
Goddemmitt,2664
XmihaiX,2665
emmaus_,2666
origamiguyljb,2667
Im2stoned2know,2668
Capable-Bee-5,2669
Reasonable_Ad445,2670
ElkHotel,2671
RedheadRochelle,2672
Small-Fuel666,2673
EyePlay,2674
HolgerBier,2675
AiruNeko20,2676
TheDarkCreed,2677
ecolipoli,2678
normal_nathan,2679
jlipschitz,2680
Fancy_Leader6278,2681
DixieCretinSeaman,2682
NightOnFuckMountain,2683
legaladvice-ModTeam,2684
CreativeCthulhu,2685
StrictSquirrel3342,2686
Black0tter1,2687
EmotionDecent776,2688
RootDeliver,2689
automatvapen,2690
msdjarin,2691
Embarrasd73,2692
angrybox1842,2693
DocSaysItsDainBramuj,2694
ckowkay,2695
winterthrowawaycamp,2696
Supergamer138,2697
santacfan,2698
i_slipped-,2699
ThatFlowerGamu,2700
LivingDisastrous3603,2701
Aqua19000,2702
MaximumStudent1839,2703
Dependent_Broccoli77,2704
rocketwikkit,2705
wolverine6,2706
Acceleratio,2707
Seiton_,2708
jammed7777,2709
why__name,2710
SpankThatDill,2711
saintstheftauto,2712
Disastrous-Trip-9740,2713
Super_Puckmen,2714
PinkBowser,2715
pumpkinmuffins,2716
britneygirl_2386,2717
visualbrunch,2718
Effective-Till7076,2719
Rough-Ladder-8907,2720
krakn0,2721
elasticboundary,2722
This-Fail-9395,2723
UmbralUmbreon,2724
Educational_Swim8665,2725
Whycadz,2726
SensuikanC,2727
Striking-Percentage9,2728
bdreamer642,2729
Morpheyz,2730
AgentFoo,2731
DaisyHartwell,2732
MinimumArmadillo2394,2733
fthesemods,2734
MaJorantGoat,2735
OwnMeaning8392,2736
Greenhamiam,2737
Kerivkennedy,2738
PhoenixOnTheComeUp,2739
agouraki,2740
Son0fSanf0rd,2741
Head_Biscotti1831,2742
William2011G,2743
sfan27,2744
Cosmic_Hitchhiker,2745
youzerVT71,2746
ScourJFul,2747
justaguynamedchris,2748
Kokechii,2749
Spenraw,2750
LilacSpring321,2751
lunaticdarkness,2752
Artsykate,2753
Bastbra,2754
wyhivska,2755
ConsequenceFew8998,2756
Plaidperfection99,2757
ToonLucas22,2758
KittyKatya2020,2759
lowkeyf1sh,2760
Skimlett,2761
wineandwanderlust_,2762
National_Block_3610,2763
decimated_siren,2764
nonprofitnews,2765
Suspicious_Sparrow9,2766
lsody,2767
Aetiusx,2768
tannu28,2769
toast_mage,2770
Babarigo,2771
jmurphy61016,2772
LeFred000,2773
DustysNetworkin,2774
ehrenmannoftheyear,2775
The_Mighty_Bird,2776
JerryBrownNote,2777
SpookyHalloween1,2778
yourmoneysus,2779
Critical_Banana993,2780
basicradical,2781
Thaill01,2782
Badgers_Are_Scary,2783
Lost---doyouhaveamap,2784
mavack,2785
cryonine,2786
StrawberrySnorkels,2787
updateessential,2788
playboi3x,2789
MomMann,2790
Dull-Statements-Next,2791
thedreamer714,2792
MnMWiz,2793
Specific-Hope-998,2794
Batfink-1999,2795
narocroc10,2796
travelingnerd10,2797
enters_conversation,2798
Gymleaders,2799
mprz,2800
Axiproto,2801
fried_green_baloney,2802
quedfoot,2803
Peechez,2804
Obvious_Chocolate341,2805
JudgeHolden,2806
frenchmeister,2807
Deepforbiddenlake,2808
Fun_Bass6747,2809
AgencyExcellent9421,2810
IgotUBro,2811
JenniferJournal321,2812
Natstar-Lord,2813
Ok_Adhesiveness_9565,2814
Glass-Lime-9812,2815
Many-Screen8613,2816
AcanthopterygiiCool5,2817
devnullopinions,2818
the_amberdrake,2819
_N0K0,2820
jtjdp,2821
BornAgainBlue,2822
Crystal_crys,2823
Spot_Desperate,2824
VirtuousVagabond,2825
u_slash_spez_Hater,2826
nicholt,2827
CalligrapherMelodic6,2828
Corando,2829
Infinite_Hospital_12,2830
Happy_Professional39,2831
Astarkraven,2832
Sweet-Lawyer-1195,2833
Her6our6,2834
TrustyTukTuk,2835
FrogInShorts,2836
thoover88,2837
zim-grr,2838
Prabhupad,2839
RUBcumONmyDOG,2840
_whensmahvel_,2841
brown_pikachu,2842
inmyunderpants,2843
kenziefrazier,2844
zubrosports21,2845
_tsi_,2846
Tuyen_Pham,2847
DashingDan1,2848
akkinney07,2849
1forthebooks,2850
Angry_its_gift,2851
trueAnnoi,2852
Biojason,2853
ItsNotMeItsYourBussy,2854
JaysopaidHappyWorld,2855
Ques0WhatNow,2856
TimelyCardiologist94,2857
Cashew-Matthew,2858
damnmanthatsnuts,2859
WannabeDogMom,2860
FlightConscious9572,2861
Sinkingfast,2862
LazarusCheez,2863
c_rob4593,2864
Firm_Funny_3348,2865
StillMostlyClueless,2866
froandfear,2867
Wag1piff1tings,2868
No-Success-688,2869
The_Frame,2870
General_Snack,2871
Misticsan,2872
Powerful-Option-4595,2873
Great-Question-898,2874
MarBoV108,2875
AccountNumber478,2876
GregBrainos,2877
Dr-Perry-Cox,2878
LightEnvironmental84,2879
BigStanks,2880
signed7,2881
theannoyingprickk,2882
trader_dennis,2883
GG111223044,2884
unstablexpotato,2885
intergalacticalsoul,2886
Glum-Comparison-9930,2887
sunnlife1978,2888
IkeFanboy64,2889
nscramer,2890
rutlander,2891
Rizzalliss,2892
fasaso25,2893
Wellz-IGuessIAmHere,2894
isoluuseri,2895
SnooPets9813,2896
ohioiyya,2897
mamaemz,2898
HolidayCoast3516,2899
SaltyPirate69,2900
Electrical_Mango_489,2901
random_clone_7567,2902
Status_Educational,2903
Green____cat,2904
legallyvermin,2905
metaphoricmoose,2906
Ignomatics,2907
DismalTrainer133,2908
zkael2020,2909
Responsible_Onion_21,2910
BradGein,2911
fiishyfiishy,2912
Nervous-Airport-4177,2913
Noah7788,2914
0G_54v1gny,2915
Elegant-Astronaut636,2916
jilexandr,2917
KurtySuit,2918
IcyAd6822,2919
KaizDaddy5,2920
Numai_theOnlyOne,2922
Reasonable_Curve_409,2923
atwegotsidetrekked,2924
14thsp,2925
Eeeker,2926
fuscwago,2927
Goldenvengeance,2928
QCat18,2929
Raed_Mejar,2930
Falcon-Defiant,2931
CriticalAd8335,2932
SimbatheBimba,2933
Hybrid072,2934
Competitive_Weird958,2935
russellmzauner,2936
Jb9723,2937
DamnShamBam,2938
FatCrabTits,2939
NotaRepublican85,2940
lakshyagarg911,2941
KaijuManiacYT,2942
JorgiEagle,2943
OldManWithAQuill,2944
thegr8mak,2945
x_S4vAgE_x,2946
MrPoopySenpai,2947
JaxmanT,2948
brizia,2949
gritner91,2950
edengamer253,2951
Cold_Zero_,2952
Top-Anything1383,2953
Fuck_Prozac,2954
bob999666999,2955
Conscious_Dark_5628,2956
WishboneLeading4526,2957
B_arnick,2958
Zefphyrz,2959
bluerangersyndrome,2960
lakorai,2961
tilldeathdoiparty,2962
CrowCrah,2963
DisturbingPragmatic,2964
Deja_vu_Dream,2965
Jaded_Try2208,2966
theEWDSDS,2967
rarefamiliar,2968
3232mackie,2969
Past_Interaction9712,2970
pelagic_seeker,2971
External-Bread-8556,2972
wowcrackaddict,2973
runescapeowl,2974
Aikon377,2975
The-CYL-Guy,2976
Claire-dat-Saurian-7,2977
TraditionForsaken485,2978
EnciclopedistadeTlon,2979
PokerBear28,2980
crazyhit,2981
JodanRTt,2982
ThoughtfulGen-Xer,2983
error521,2984
Careful-Anteater-403,2985
tgothe418,2986
TheTurtleShepard,2987
kgas36,2988
Double-Slowpoke,2989
ApunBolaTohBola,2990
bitchslippers,2991
mkyend,2992
dinok_love,2993
HelpfulJump,2994
TRc56,2995
Star_Wonderer,2996
Cucumber_Hero,2997
Akane23456,2998
Born2die6969,2999
Renyx_Ghoul,3000
senorbuzz,3001
MaxwellsDaemon,3002
SilverySands,3003
skinnypeners,3004
Sinister_steel_drums,3005
Unique_Chard_5012,3006
woodmetallic,3007
brooksmarlin,3008
Same_Paramedic_3329,3009
Bismarck7734,3010
melancoliee,3011
Unlucky-Statement278,3012
jamesofthedrum,3013
parisimp,3014
AppState1981,3015
Defiant_Extreme_35,3016
Jokerang,3017
sexysadscorpio,3018
BloodBendingIsOp,3019
JEWCEY,3020
sarbear160,3021
Predditor_86,3022
Cranjis_McFootball,3023
Constant-Star7601,3024
mellonBaller,3025
LokiLunatic,3026
admx341,3027
SomethingMoreToSay,3028
rxlawson,3029
paladin10025,3030
Zebra1125,3031
Certain_Strength_910,3032
WellMarinatedGymSock,3033
Dry-Application3,3034
telemaster9,3035
TaxOwlbear,3036
Orange-Rutabaga,3037
TinjoBoi,3038
lettuce_field_theory,3039
meanycat,3040
hellocorridor,3041
Wild-Coast2312,3042
DJDaddyD,3043
Mebiysy,3044
Alex_Olariu,3045
Waffle_shuffle,3046
itsamerica69,3047
thedogchain,3048
le0naanais,3049
SansevieriaQueen,3050
HCTDMCHALLENGER,3051
MoonPresenceFlora,3052
Betoonit,3053
purplemackem,3054
SpendNo4067,3055
VishnuBhanum,3056
evangelism2,3057
flenderblender87,3058
